request,core,latency,predicted_pressure
1,0,9,0
2,1,9,0
3,2,11,0
4,3,10,0
5,4,46,1
6,5,6,0
7,6,5,0
8,7,6,0
9,0,12,0
10,1,7,0
11,2,14,0
12,3,9,0
13,4,7,0
14,5,13,0
15,6,14,0
16,7,9,0
17,0,8,0
18,1,40,1
19,2,6,0
20,3,7,0
21,4,14,0
22,5,13,0
23,6,6,0
24,7,6,0
25,0,9,0
26,1,14,0
27,2,5,0
28,3,10,0
29,4,44,1
30,5,10,0
31,6,9,0
32,7,7,0
33,0,11,0
34,1,6,0
35,2,41,1
36,3,46,1
37,4,8,0
38,5,5,0
39,6,8,0
40,7,9,0
41,0,10,0
42,1,9,0
43,2,13,0
44,3,6,0
45,4,13,0
46,5,13,0
47,6,13,0
48,7,13,0
49,0,10,0
50,1,11,0
51,2,6,0
52,3,11,0
53,4,13,0
54,5,43,1
55,6,43,1
56,7,7,0
57,0,7,0
58,1,13,0
59,2,5,0
60,3,9,0
61,4,10,0
62,5,8,0
63,6,8,0
64,7,13,0
65,0,11,0
66,1,10,0
67,2,9,0
68,3,13,0
69,4,12,0
70,5,5,0
71,6,7,0
72,7,8,0
73,0,12,0
74,1,7,0
75,2,8,0
76,3,7,0
77,4,10,0
78,5,14,0
79,6,13,0
80,7,8,0
81,0,9,0
82,1,9,0
83,2,10,0
84,3,11,0
85,4,5,0
86,5,11,0
87,6,5,0
88,7,5,0
89,0,13,0
90,1,9,0
91,2,14,0
92,3,12,0
93,4,5,0
94,5,14,0
95,6,7,0
96,7,11,0
97,0,8,0
98,1,12,0
99,2,7,0
100,3,14,0
101,4,12,0
102,5,14,0
103,6,12,0
104,7,5,0
105,0,10,0
106,1,9,0
107,2,5,0
108,3,7,0
109,4,10,0
110,5,5,0
111,6,6,0
112,7,43,1
113,0,12,0
114,1,9,0
115,2,12,0
116,3,9,0
117,4,7,0
118,5,8,0
119,6,5,0
120,7,8,0
121,0,8,0
122,1,8,0
123,2,13,0
124,3,11,0
125,4,8,0
126,5,13,0
127,6,14,0
128,7,11,0
129,0,10,0
130,1,12,0
131,2,6,0
132,3,11,0
133,4,10,0
134,5,6,0
135,6,9,0
136,7,13,0
137,0,5,0
138,1,40,1
139,2,13,0
140,3,46,1
141,4,44,1
142,5,8,0
143,6,6,0
144,7,13,0
145,0,13,0
146,1,6,0
147,2,6,0
148,3,13,0
149,4,11,0
150,5,13,0
151,6,12,0
152,7,8,0
153,0,10,0
154,1,6,0
155,2,8,0
156,3,7,0
157,4,13,0
158,5,10,0
159,6,14,0
160,7,11,0
161,0,5,0
162,1,11,0
163,2,8,0
164,3,12,0
165,4,11,0
166,5,11,0
167,6,10,0
168,7,5,0
169,0,8,0
170,1,11,0
171,2,10,0
172,3,11,0
173,4,9,0
174,5,12,0
175,6,6,0
176,7,5,0
177,0,12,0
178,1,12,0
179,2,39,1
180,3,5,0
181,4,10,0
182,5,14,0
183,6,12,0
184,7,6,0
185,0,7,0
186,1,9,0
187,2,10,0
188,3,10,0
189,4,12,0
190,5,5,0
191,6,14,0
192,7,9,0
193,0,11,0
194,1,10,0
195,2,38,1
196,3,12,0
197,4,13,0
198,5,7,0
199,6,9,0
200,7,13,0
201,0,13,0
202,1,5,0
203,2,6,0
204,3,8,0
205,4,14,0
206,5,9,0
207,6,10,0
208,7,10,0
209,0,5,0
210,1,7,0
211,2,13,0
212,3,10,0
213,4,6,0
214,5,12,0
215,6,5,0
216,7,12,0
217,0,5,0
218,1,11,0
219,2,14,0
220,3,12,0
221,4,9,0
222,5,9,0
223,6,10,0
224,7,7,0
225,0,41,1
226,1,9,0
227,2,13,0
228,3,5,0
229,4,5,0
230,5,7,0
231,6,11,0
232,7,8,0
233,0,10,0
234,1,5,0
235,2,6,0
236,3,7,0
237,4,14,0
238,5,11,0
239,6,11,0
240,7,6,0
241,0,7,0
242,1,14,0
243,2,14,0
244,3,42,1
245,4,8,0
246,5,12,0
247,6,5,0
248,7,13,0
249,0,6,0
250,1,10,0
251,2,14,0
252,3,11,0
253,4,8,0
254,5,11,0
255,6,13,0
256,7,13,0
257,0,14,0
258,1,9,0
259,2,6,0
260,3,9,0
261,4,7,0
262,5,13,0
263,6,5,0
264,7,6,0
265,0,7,0
266,1,5,0
267,2,10,0
268,3,6,0
269,4,40,1
270,5,8,0
271,6,11,0
272,7,7,0
273,0,5,0
274,1,13,0
275,2,7,0
276,3,14,0
277,4,12,0
278,5,10,0
279,6,6,0
280,7,7,0
281,0,6,0
282,1,10,0
283,2,13,0
284,3,11,0
285,4,46,1
286,5,5,0
287,6,12,0
288,7,14,0
289,0,6,0
290,1,12,0
291,2,14,0
292,3,10,0
293,4,6,0
294,5,12,0
295,6,40,1
296,7,39,1
297,0,13,0
298,1,13,0
299,2,7,0
300,3,10,0
301,4,11,0
302,5,11,0
303,6,6,0
304,7,11,0
305,0,9,0
306,1,5,0
307,2,10,0
308,3,7,0
309,4,7,0
310,5,10,0
311,6,12,0
312,7,11,0
313,0,12,0
314,1,9,0
315,2,12,0
316,3,42,1
317,4,14,0
318,5,10,0
319,6,9,0
320,7,13,0
321,0,12,0
322,1,7,0
323,2,11,0
324,3,12,0
325,4,43,1
326,5,10,0
327,6,9,0
328,7,10,0
329,0,7,0
330,1,38,1
331,2,5,0
332,3,6,0
333,4,6,0
334,5,10,0
335,6,7,0
336,7,10,0
337,0,8,0
338,1,10,0
339,2,13,0
340,3,14,0
341,4,11,0
342,5,12,0
343,6,5,0
344,7,40,1
345,0,6,0
346,1,9,0
347,2,7,0
348,3,11,0
349,4,9,0
350,5,5,0
351,6,11,0
352,7,6,0
353,0,11,0
354,1,6,0
355,2,13,0
356,3,11,0
357,4,6,0
358,5,13,0
359,6,7,0
360,7,7,0
361,0,5,0
362,1,5,0
363,2,10,0
364,3,6,0
365,4,8,0
366,5,14,0
367,6,8,0
368,7,12,0
369,0,7,0
370,1,8,0
371,2,47,1
372,3,12,0
373,4,5,0
374,5,5,0
375,6,10,0
376,7,12,0
377,0,13,0
378,1,46,1
379,2,9,0
380,3,45,1
381,4,6,0
382,5,14,0
383,6,9,0
384,7,13,0
385,0,11,0
386,1,43,1
387,2,10,0
388,3,13,0
389,4,6,0
390,5,13,0
391,6,11,0
392,7,42,1
393,0,6,0
394,1,9,0
395,2,7,0
396,3,9,0
397,4,7,0
398,5,9,0
399,6,12,0
400,7,5,0
